budget,country_of_origin,genre,global_ranking,num_of_ratings,rating,release_date,title,us_gross,worldwide_gross
25000000,USA,Drama,24,268179,8.25,01.12.1983,Scarface,45408703,65884703
175000000,USA,Animation,26,167501,8.29,20.10.2017,Coco,210460015,814337054
58000000,USA,Biographical,20,503378,8.26,13.12.2001,A Beautiful Mind,170742341,316791257
19000000,USA,Thriller,22,680863,8.24,30.01.1991,The Silence of the Lambs,130742922,272742922
160000000,USA,Surreal,21,617735,8.25,,Inception,292587330,837186610
80000000,USA,Drama,27,585210,8.18,13.02.2010,Shutter Island,128012934,294805697
45000000,USA,Animation,23,572227,8.25,,The Lion King,422783777,1063611805
33000000,USA,Drama,25,436617,8.21,09.12.2008,Gran Torino,148095302,269958228
55000000,USA,Drama,18,315581,8.29,31.08.2019,Joker,335477657,1078958282
100000000,USA,Western,19,496084,8.26,11.12.2012,Django Unchained,162805434,426074373
35000000,France,Biographical,17,600801,8.27,24.05.2002,The Pianist,32572577,120072577
25000000,USA,Drama,16,311585,8.31,09.09.1990,Goodfellas,46909721,47036784
63000000,USA,Thriller,15,625560,8.29,10.09.1999,Fight Club,37030102,101209702
33000000,USA,Crime,14,612243,8.31,15.09.1995,Se7en,100125643,327333559
94000000,New Zealand,Fantasy,13,506095,8.31,05.12.2002,The Lord of the Rings: The Two Towers,342952511,947944270
20000000,Italy,Drama,12,283864,8.37,20.12.1997,La vita è bella,57563264,230098753
80000000,USA,Animation,376,90480,7.64,18.05.2002,Spirit: Stallion of the Cimarron,73280117,122563539
,Russia,Drama,399,32877,7.89,25.06.2003,Vozvrashchenie,504256,8482993
,France,Thriller,397,37015,7.84,24.05.1976,Le locataire,,1924733
18000000,USA,Animation,398,79472,7.63,09.10.1993,The Nightmare Before Christmas,87620624,101496447
,Poland,Drama,396,34098,7.88,13.09.2007,Pora umierać,,
,Australia,Animation,395,33836,7.88,23.06.2011,The Maker,,
,Poland,Sci-Fi,394,57408,7.71,15.12.2015,Twardowsky,,
200000000,USA,Action,393,169846,7.54,10.04.2017,Guardians of the Galaxy Vol. 2,389813101,863756051
54000000,USA,Thriller,472,295844,7.44,13.02.2006,V for Vendetta,70511035,132511035
,France,Melodrama,500,25662,7.91,,Fa yeung nin wa,2738980,13719237
30000000,USA,Thriller,499,233658,7.44,08.04.2004,Kill Bill: Vol. 2,66208183,152159461
28000000,USA,Biographical,498,58237,7.62,11.08.2015,Straight Outta Compton,161197785,200425182
40000000,USA,Crime,497,267914,7.43,28.03.2005,Sin City,74103820,158753820
28000000,USA,Biographical,496,65749,7.59,04.09.2005,Walk the Line,119519402,186438883
,USA,Biographical,495,44582,7.69,27.01.1995,The Basketball Diaries,,2381087
,Japan,Sci-Fi,494,31244,7.82,16.07.1988,Akira,553171,2894646
,United Kingdom,Moral drama,493,93714,7.53,19.09.2012,Now Is Good,,
8900000,France,Melodrama,491,47365,7.67,20.05.2012,Amour,6739492,19839492
15000000,USA,Horror,492,103427,7.52,25.06.1982,The Thing,,19629760
30000000,USA,Drama,490,237092,7.44,25.02.2004,The Passion of the Christ,370782930,612054506
26000000,USA,Drama,489,135956,7.49,22.11.2009,Brothers,28544157,43318349
55000000,USA,Romance,487,168626,7.47,15.06.1995,Pocahontas,141579773,346079773
6000000,United Kingdom,Drama,488,86022,7.55,01.09.2006,The Last King of Scotland,17606684,48363516
60000000,USA,Drama,486,511439,7.41,01.06.1998,The Truman Show,125618201,264118201
,USA,Drama,485,78383,7.56,22.06.1979,Escape from Alcatraz,,43000000
,France,Biographical,484,62371,7.61,22.05.2007,Le scaphandre et le papillon,6003227,19777647
24000000,USA,Melodrama,483,80106,7.56,02.06.1995,The Bridges of Madison County,71516617,182016617
25000000,USA,Drama,481,217761,7.45,15.12.2000,Chocolat,71509363,152699946
150000000,USA,Animation,480,305925,7.43,08.05.2004,Shrek 2,441226247,928760770
,USA,Drama,479,80186,7.56,23.01.2016,Captain Fantastic,5879835,23149433
150000000,USA,Animation,482,115224,7.51,16.11.2016,Moana,248757044,665069139
6000000,USA,Melodrama,477,283994,7.44,12.05.1987,Dirty Dancing,64577242,217688008
10000000,France,Moral drama,476,50829,7.67,21.05.1999,The Straight Story,6203044,6416569
20000000,USA,Melodrama,475,185564,7.47,23.05.2016,Me Before You,56245075,207945075
73000000,USA,Crime,474,185100,7.47,29.08.1999,The Bone Collector,66518655,151493655
50000000,USA,Drama,473,118643,7.51,06.12.1997,As Good as It Gets,148478011,314178011
,USA,Western,471,43247,7.72,12.10.1960,The Magnificent Seven,,4905000
,United Kingdom,Drama,478,69843,7.59,25.01.2020,Promising Young Woman,6460965,17218161
2500000,Austria,Drama,470,53069,7.66,27.01.1995,Before Sunrise,5535405,22735405
53000000,USA,Animation,469,89795,7.55,14.11.1997,Anastasia,58406347,139804348
,Germany,Thriller,467,54313,7.66,06.09.2014,Who Am I - Kein System ist sicher,,
,USA,Drama,466,80504,7.58,17.07.2008,Felon,,
52000000,USA,Drama,465,89085,7.56,14.03.2000,Erin Brockovich,125595205,256271286
,Poland,Drama,464,232961,7.46,12.08.2005,Skazany na bluesa,,
38000000,USA,Action,468,294776,7.45,18.06.2001,The Fast and the Furious,144745925,207517509
,USA,Drama,462,39462,7.76,06.08.2019,Sound of Metal,,
170000000,USA,Action,463,249588,7.46,21.07.2014,Guardians of the Galaxy,333718600,773350147
55000000,Germany,Fantasy,461,147744,7.5,10.04.1998,City of Angels,78685114,198685114
25000000,USA,Biographical,459,64936,7.62,01.12.2016,Hidden Figures,169607287,236225193
11800000,USA,Melodrama,457,234746,7.47,23.01.2002,A Walk to Remember,41281092,47494916
,Poland,Drama,460,83972,7.57,29.07.2006,Plac Zbawiciela,,
30000000,United Kingdom,Melodrama,458,123377,7.52,29.08.2007,Atonement,50927067,129266061
15000000,USA,Melodrama,456,168152,7.49,08.08.2011,One Day,13843771,59389433
8000000,USA,Horror,454,129528,7.52,,The Exorcist,232906145,441306145
19000000,USA,Comedy,455,340791,7.45,03.07.1985,Back to the Future,214077472,384577472
,Spain,Drama,453,65099,7.63,15.03.2002,Hable con ella,9357911,64803131
,USA,Biographical,452,43293,7.74,17.05.2007,Control,872252,8159508
,USSR,Drama,451,18465,8.17,09.07.1985,Idi i smotri,,
140000000,USA,Animation,449,63481,7.63,05.11.2002,Treasure Planet,38176783,110041363
,France,Animation,448,77144,7.6,12.03.1976,Les douze travaux d'Astérix,,
150000000,USA,Family,450,327701,7.45,28.06.2007,Harry Potter and the Order of the Phoenix,292382727,942278045
70000000,USA,Melodrama,445,79495,7.6,09.12.2004,The Phantom of the Opera,51268815,154648887
,USA,Animation,447,42939,7.74,01.10.1982,Vincent,,
75000000,USA,Drama,444,75215,7.61,25.02.2002,We Were Soldiers,78122718,114660784
22000000,USA,Crime,443,74684,7.61,03.12.2019,The Gentlemen,36471795,115171795
220000000,USA,Action,446,326370,7.46,11.04.2012,The Avengers,623357910,1520538536
40000000,USA,Comedy,442,182477,7.5,listopada 1989,Back to the Future Part II,119000002,335973020
,USA,Crime,441,18222,8.19,17.12.1957,Witness for the Prosecution,,
20000000,USA,Biographical,439,150738,7.51,30.08.2013,12 Years a Slave,56671993,187733202
40000000,USA,Horror,440,146561,7.52,10.11.1992,Dracula,82522790,215862692
,Poland,Comedy,438,129826,7.53,19.10.1970,Rejs,,
,USA,Animation,437,44209,7.74,15.02.2018,Isle of Dogs,32015231,64337744
,France,Drama,436,46775,7.73,26.01.1994,Trzy kolory: Biały,1237219,1249815
,Sweden,Drama,435,50886,7.7,16.05.2003,Ondskan,,
,France,Drama,434,70887,7.63,08.04.1999,Todo sobre mi madre,8272296,67872296
,Poland,Moral drama,433,103751,7.56,14.12.1995,Tato,,
,Poland,Drama,432,38416,7.8,20.04.1957,Kanał,,
,Germany,Sci-Fi,431,24604,8.01,,Metropolis,,1236166
15000000,France,Drama,430,96678,7.58,16.05.2001,Mulholland Dr.,7220243,20117339
2000000,USA,Drama,429,32761,7.87,20.12.1962,To Kill a Mockingbird,,13129846
,Poland,Crime comedy,427,76800,7.62,06.05.1985,"Vabank II, czyli riposta",,
18500000,USA,Drama,426,168139,7.52,15.05.1998,Fear and Loathing in Las Vegas,,10680275
52000000,USA,Drama,425,96251,7.58,23.12.1998,The Thin Red Line,36400491,98126565
115000000,USA,Animation,424,213256,7.5,28.10.2001,"Monsters, Inc.",290642256,579707738
85000000,USA,Animation,423,123904,7.55,13.06.1997,Hercules,99112101,252712101
150000000,USA,Sensational,428,276031,7.48,14.11.2006,Casino Royale,167445960,616505162
90000000,USA,Sensational,422,112044,7.56,18.11.1998,Enemy of the State,111549836,250649836
,Poland,Drama,421,43069,7.77,03.10.1958,Popiół i diament,,
28000000,USA,Adventurous,420,161879,7.53,08.05.1984,Indiana Jones and the Temple of Doom,179870271,333107271
850000,USA,Action,419,92009,7.59,26.07.1973,Enter the Dragon,25000000,90000000
25000000,New Zealand,Biographical,418,44464,7.76,10.09.2005,The World's Fastest Indian,5128124,18297690
150000000,USA,Animation,417,40968,7.79,11.10.2020,Soul,870588,121901892
13000000,Sweden,Crime,415,83685,7.62,27.02.2009,Män som hatar kvinnor,10095170,104395170
,USA,Crime comedy,416,83938,7.61,24.02.2006,Lucky Number Slevin,22495466,56308881
,Poland,Comedy,414,143561,7.54,22.04.1973,"Poszukiwany, poszukiwana",,
4000000,USA,Animation,413,120300,7.56,16.06.1955,Lady and the Tramp,,93602326
75000000,USA,Animation,412,398787,7.48,25.05.2005,Madagascar,193595521,542063846
15000000,USA,Moral drama,411,41473,7.79,,The Color Purple,98467863,146467863
13000000,USA,Melodrama,410,143462,7.55,08.09.2012,The Perks of Being a Wallflower,17742948,33384127
110000000,USA,Historical drama,409,144008,7.55,27.06.2000,The Patriot,113330342,215294342
9000000,Italy,Drama,408,29551,7.94,28.10.1998,La leggenda del pianista sull'oceano,167435,21061339
50000000,United Kingdom,Musical,407,212095,7.52,03.12.2007,Sweeney Todd: The Demon Barber of Fleet Street,52898073,153383627
85000000,USA,Fantasy,404,101043,7.59,28.09.1998,What Dreams May Come,55382927,82782927
,USA,Drama,405,358320,7.49,12.03.2005,Hooligans,346830,3814717
,Sweden,Drama,403,31847,7.9,,Smultronstället,,
200000000,USA,Action,406,86026,7.62,13.12.2021,Spider-Man: No Way Home,814115070,1921847111
15000000,USA,Crime comedy,402,129244,7.56,06.03.1987,Lethal Weapon,65207127,120207127
175000000,USA,Animation,400,258144,7.51,13.05.2009,Up,293004164,735099102
7300000,France,Drama,392,40587,7.82,23.05.2007,Persepolis,4445756,22783978
,USSR,Sci-Fi,401,33203,7.89,maja 1979,Stalker,,
27000000,USA,Comedy,390,104482,7.6,20.06.1980,The Blues Brothers,57229890,115229890
7500000,Dishes,Drama,389,46281,7.77,,Breaking the Waves,3803298,3828405
200000,RFN,Western,388,46073,7.77,12.09.1964,Per un pugno di dollari,14500000,14516248
81200000,France,Animation,384,89205,7.63,22.05.2015,Le Petit Prince,1339152,97571250
34000000,USA,Drama,387,106905,7.6,26.08.1994,Natural Born Killers,50282766,50283563
,France,Court drama,386,29245,7.96,20.01.1995,Murder in the First,17381942,29481942
40000000,USA,Historical drama,385,100274,7.61,26.08.1992,The Last of the Mohicans,,75505856
150000000,USA,Thriller,391,175494,7.54,03.10.2017,Blade Runner 2049,92071675,267770708
150000000,USA,Animation,381,265719,7.52,17.11.2013,Frozen,400953009,1284540518
45000000,USA,Drama,383,114663,7.59,02.09.2001,Training Day,76631907,104876233
30000000,USA,Drama,380,82707,7.65,października 2007,August Rush,31664162,66122026
12000000,Australia,Drama,379,72700,7.67,10.09.2016,Lion,51738905,140853810
20000000,USA,Drama,377,171969,7.56,03.09.2015,Spotlight,45055776,98690254
250000000,USA,Family,382,316172,7.51,06.07.2009,Harry Potter and the Half-Blood Prince,302334374,934519387
28000000,USA,Sensational,375,224711,7.54,12.07.1988,Die Hard,83844093,141603197
125000000,USA,Family,378,434974,7.51,04.11.2001,Harry Potter and the Sorcerer's Stone,318886962,1023842938
40000000,United Kingdom,Animation,373,231189,7.54,07.09.2005,Corpse Bride,53401527,118133252
150000000,USA,Horror,374,481856,7.51,05.12.2007,I Am Legend,256393010,585410052
,USA,Drama,370,22300,8.14,10.08.1950,Sunset Boulevard,,
100000000,USA,Drama,369,265358,7.54,06.12.2006,Blood Diamond,57377916,171720398
75000000,Germany,Sensational,368,158287,7.58,16.07.2004,The Bourne Supremacy,176241941,290835269
110000000,USA,Comedy,372,174186,7.56,,Deadpool 2,324591735,785896609
65000000,USA,Historical drama,371,396804,7.52,14.02.2007,300,210629101,456082343
16500000,USA,Drama,367,75354,7.68,20.05.1991,Thelma & Louise,45360915,45464975
3300000,Argentina,Black comedy,365,128259,7.6,17.05.2014,Relatos salvajes,3106530,31061476
15000000,United Kingdom,Biographical,366,226121,7.55,07.09.2014,The Theory of Everything,35893537,123726688
2000000,Germany,Drama,364,47000,7.8,15.03.2006,Das Leben der Anderen,11286112,77356942
29000000,USA,Sci-Fi,362,217878,7.56,27.12.1995,Twelve Monkeys,57141459,168839459
85000000,USA,Crime comedy,363,231627,7.55,05.12.2001,Ocean's Eleven,183417150,450717150
,Poland,Drama,360,218225,7.56,13.08.2004,Wesele,,
35000000,USA,Crime,359,81758,7.67,14.05.1997,L.A. Confidential,64616940,126216940
30000000,USA,Moral drama,358,115716,7.62,26.06.2009,My Sister's Keeper,49200230,95714875
95000000,USA,Drama,357,85409,7.67,25.12.2019,1917,159227644,384579472
7000000,USA,Drama,356,111728,7.63,08.03.1996,Fargo,24611975,60611975
,United Kingdom,Family,361,324234,7.54,11.11.2010,Harry Potter and the Deathly Hallows: Part 1,296374621,977070383
,Sweden,Drama,355,53064,7.77,16.02.1957,Det sjunde inseglet,,
10000000,France,Drama,354,265890,7.55,25.04.2001,Le fabuleux destin d'Amélie Poulain,33225499,174122191
,France,Drama,352,38908,7.88,01.04.1995,Underground,,
9000000,USA,Drama,350,125868,7.61,23.01.2016,Manchester by the Sea,47695371,78988148
9000000,USA,Crime,353,195398,7.57,05.09.2000,Memento,25544867,40047078
,Poland,A comedy of manners.,351,107641,7.63,27.08.1971,Nie lubię poniedziałku,,
25000000,USA,Animation,349,163796,7.59,29.09.1991,Beauty and the Beast,218967620,424967620
5000000,Spain,Drama,348,137693,7.6,18.01.2004,El Maquinista,1082715,8203235
40000000,USA,Drama,347,80163,7.68,24.07.1996,A Time to Kill,108766007,152266007
40000000,United Kingdom,Comedy rom.,346,262544,7.55,07.09.2003,Love Actually,60221410,249772228
17500000,United Kingdom,Biographical,345,59881,7.75,11.09.2004,Hotel Rwanda,23530892,33882243
,France,Drama,344,44508,7.83,16.05.1994,Trois couleurs: Rouge,3581969,3600996
4800000,Poland,Melodrama,343,133514,7.61,10.05.2018,Zimna wojna,4580048,20346993
7000000,Australia,Costume,342,51806,7.79,15.05.1993,The Piano,40157856,40185556
20000000,USA,Thriller,341,165872,7.59,29.11.1990,Misery,61276872,61277271
,France,Melodrama,338,67391,7.73,10.01.1993,Trzy kolory: Niebieski,1324974,1387584
10000000,Dishes,Drama,339,60981,7.75,19.05.2003,Dogville,1535286,16689283
45000000,USA,Sensational,335,153387,7.6,16.03.2006,Inside Man,88513495,186003591
14000000,USA,Costume,337,50349,7.8,16.12.1988,Dangerous Liaisons,,34670720
70000000,USA,Drama,334,103083,7.65,04.12.2003,Big Fish,66809693,123218424
250000000,USA,Action,340,52298,7.79,03.05.2023,Guardians of the Galaxy Vol. 3,358995815,845555777
,Poland,Drama,336,58965,7.76,09.03.1962,Nóż w wodzie,,
,Poland,Drama,333,44473,7.84,września 1988,Krótki film o miłości,,
14000000,RFN,Drama,331,46908,7.83,17.09.1981,Das Boot,11487676,84970337
,Poland,Vice,330,33211,7.96,17.08.1979,Amator,,
,United Kingdom,Comedy,329,42842,7.86,28.09.1971,And Now for Something Completely Different,,
4000000,USA,A comedy of manners.,328,63237,7.75,,Annie Hall,38251425,38288028
58000000,USA,Comedy,332,347839,7.55,21.01.2016,Deadpool,363070709,782836791
,USA,Drama,327,54362,7.79,25.04.2011,Detachment,72689,1688710
50000000,USA,Drama,326,164410,7.6,04.09.2014,The Judge,47119388,84419388
,Poland,Biographical,325,129448,7.63,04.08.2016,Ostatnia rodzina,2284311,2284311
,Poland,Drama,324,32119,7.98,09.02.1965,Rękopis znaleziony w Saragossie,,
78000000,USA,Thriller,323,253943,7.57,30.09.2002,Red Dragon,93149898,209196298
4900000,Canada,Drama,322,40568,7.88,22.05.2014,Mommy,3494070,13156856
,France,Drama,321,43039,7.86,27.05.1995,La haine,,
12000000,United Kingdom,Drama,320,199320,7.59,27.06.2013,About Time,15322921,87100449
,Sweden,Biographical,318,70578,7.73,19.01.2012,Searching for Sugar Man,3696196,9216552
25000000,USA,Thriller,317,98758,7.67,26.02.1993,Falling Down,,40903593
90000000,USA,Drama,316,584784,7.54,07.12.2000,Cast Away,233632142,429632142
150000000,USA,Action,319,359896,7.55,31.05.2005,Batman Begins,206863479,373672993
25000000,USA,Biographical,315,110193,7.65,06.12.2010,The Fighter,93617009,129190869
,USA,Drama,314,53110,7.8,31.08.2009,The Butterfly Circus,,
25000000,USA,Drama,313,253322,7.58,04.09.2004,Finding Neverland,51680613,116650613
40000000,USA,Drama,312,174744,7.6,12.10.2000,Pay It Forward,33519628,55707411
20000000,USA,Crime,311,146195,7.62,05.09.2003,21 Grams,16290476,60466876
58800000,USA,Biographical,310,248783,7.58,11.11.2014,American Sniper,350159020,547459020
4000000,USA,Crime,309,82097,7.7,21.12.1971,Dirty Harry,,35988495
22000000,USA,Family,308,65234,7.75,19.01.2017,A Dog's Purpose,64508620,205035819
88000000,USA,Biographical,307,83390,7.7,23.05.2005,Cinderella Man,61649911,108539911
3500000,Italy,Melodrama,305,122329,7.65,22.01.2017,Call Me by Your Name,18095701,43143046
108000000,USA,Sci-Fi,304,282805,7.58,11.09.2015,The Martian,228433663,630620818
40000000,USA,Sensational,303,130113,7.64,29.07.1993,The Fugitive,183875760,368875760
5000000,United Kingdom,Drama,302,147289,7.63,19.05.2000,Billy Elliot,21995263,109283018
97000000,USA,Drama,306,169481,7.61,17.02.2017,Logan,226277068,619179950
27000000,USA,Thriller,301,342788,7.57,08.03.2011,Limitless,79249455,161849455
,,Animation,300,69427,7.74,02.11.2012,Paperman,,
6500000,USA,Drama,298,150740,7.63,10.09.2004,Crash,54580300,98410061
,Poland,Animation,297,88247,7.7,26.11.2004,Sztuka spadania,,
3000000,South Korea,Thriller,296,88888,7.7,21.11.2003,Oldeuboi,2427598,17173767
686033,USA,Drama,299,57346,7.79,01.05.1941,Citizen Kane,1627530,1645133
,USA,Thriller,295,163955,7.62,11.04.2007,Fracture,39015018,92011561
,Italy,Drama,294,71675,7.74,21.05.2013,La grande bellezza,2852400,24930592
25000000,USA,Drama,293,239973,7.59,19.05.2007,No Country for Old Men,74283625,171627166
30000000,USA,Melodrama,292,98138,7.69,16.12.1994,Legends of the Fall,66638883,160638883
180000000,USA,Animation,291,298109,7.58,23.06.2008,WALL·E,223808164,521311890
,Dishes,Drama,290,88302,7.7,15.04.2005,Adams æbler,1305,2421577
30000000,USA,Sensational,289,121097,7.66,02.03.1990,The Hunt for Red October,122012643,200512643
,USA,Drama,287,25469,8.13,20.12.1946,It's a Wonderful Life,1483643,8574081
150000000,USA,Family,288,410802,7.57,06.11.2005,Harry Potter and the Goblet of Fire,290469928,896815106
50000000,USA,Drama,285,310507,7.59,16.09.2005,Lord of War,24149632,72617068
18500000,USA,Horror,286,207044,7.61,14.07.1986,Aliens,85160248,131060248
60000000,USA,Sensational,283,238168,7.6,06.06.2002,The Bourne Identity,121661683,214034224
2000000,Mexico,Drama,282,70160,7.76,14.05.2000,Amores perros,5408467,20908467
,USA,Fantasy,284,321284,7.59,02.12.2013,The Hobbit: The Desolation of Smaug,258387334,959027992
,Poland,Sci-Fi,281,58399,7.8,16.09.2016,Twardowsky 2.0,,
45000000,USA,Drama,280,255084,7.6,16.12.2007,The Bucket List,93466502,175372502
32000000,USA,Biographical,279,86477,7.72,14.09.2000,Men of Honor,48818921,82343495
,United Kingdom,Biographical,278,132877,7.66,05.09.2009,Desert Flower,44348,14682943
260000000,USA,Animation,276,221361,7.62,24.11.2010,Tangled,200821936,592462816
125000000,USA,Crime,277,276347,7.6,10.12.2011,Sherlock Holmes: A Game of Shadows,186848418,543848418
5000000,USA,Biographical,275,50827,7.85,02.10.1980,The Elephant Man,26010864,26023860
,France,Documentary,274,20226,8.31,20.05.2014,Le sel de la terre,1343349,5412466
,France,Comedy rom.,273,60862,7.8,01.06.1998,"Crna mačka, beli mačor",,
6000000,USA,Drama,271,35756,7.98,13.02.1972,Cabaret,,42765000
12000000,USA,Biographical,270,34421,7.99,16.12.1973,Papillon,,53267000
165000000,USA,Sci-Fi,272,133758,7.66,03.09.2021,Dune,108327830,402027830
,USA,Drama,269,37567,7.96,,The Great Dictator,,
11000000,USA,Musical,268,61942,7.8,14.03.1979,Hair,15284643,15313606
2300000,USA,Horror,267,148228,7.65,12.06.1968,Rosemary's Baby,,33395426
2000000,USA,Documentary,266,25392,8.16,15.09.1992,Baraka,,1332110
30000000,USA,Drama,265,154663,7.65,15.06.2015,Southpaw,52421953,91970827
63000000,USA,Action,264,829664,7.57,24.03.1999,The Matrix,172076928,467222728
,France,Drama,262,43587,7.91,04.10.1991,Night on Earth,2015810,2113387
,Poland,Vice,260,150313,7.66,12.04.1982,Znachor,,
113000000,USA,Adventurous,263,256163,7.61,12.05.2005,Star Wars: Episode III - Revenge of the Sith,380270577,868390560
59000000,USA,Animation,258,493874,7.59,12.03.2002,Ice Age,176387405,383257136
,France,Drama,259,92778,7.73,07.12.2016,Demain tout commence,49619118,49619118
85000000,USA,Melodrama,257,187742,7.64,29.11.2005,Memoirs of a Geisha,57490508,162242962
102000000,France,Action,261,261997,7.62,01.07.1991,Terminator 2: Judgment Day,205881154,520881154
,Poland,Drama,256,122644,7.69,25.08.2013,Chce się żyć,1438531,1438531
25000000,USA,Moral drama,255,90211,7.74,27.09.2007,There Will Be Blood,40222514,76182388
14000000,Germany,Comedy,254,112616,7.7,08.09.2019,Jojo Rabbit,33370906,90335025
28000000,United Kingdom,Costume,253,169859,7.66,25.07.2005,Pride & Prejudice,38405088,121616555
,Germany,Drama,252,74719,7.78,01.11.2001,So weit die Füße tragen,,
,Japan,Family,251,69378,7.8,16.04.1988,Tonari no Totoro,2250213,30574632
12800000,Dishes,Drama,249,59186,7.84,17.05.2000,Dancer in the Dark,4184036,40061153
140000000,USA,Sci-Fi,250,377387,7.62,14.04.2008,Iron Man,319034126,585796247
,Italy,Drama,248,171599,7.67,02.02.2016,Perfetti sconosciuti,32207491,32207491
44000000,USA,Western,246,225561,7.65,07.12.2015,The Hateful Eight,54117416,156480177
,Poland,A comedy of manners.,245,127703,7.71,28.05.1974,Nie ma mocnych,,
87000000,USA,Thriller,244,353045,7.63,09.02.2001,Hannibal,165092268,351692268
,United Kingdom,Biographical,243,37664,8.0,07.10.2010,Senna,1612430,10197661
180000000,USA,Fantasy,247,398191,7.62,28.11.2012,The Hobbit: An Unexpected Journey,303030651,1017030651
40000000,USA,Biographical,242,55057,7.87,12.09.2004,Ray,75331600,123971376
90000000,USA,Fantasy,241,276392,7.65,02.11.1998,Meet Joe Black,44619100,142940100
68000000,USA,Drama,240,328782,7.64,22.10.2001,K-PAX,50338485,65001485
18000000,USA,Biographical,239,64014,7.84,13.11.1980,Raging Bull,23383987,23402427
25000000,USA,Gangster,237,100358,7.75,02.06.1987,The Untouchables,76270454,186270454
6000000,Germany,Crime,238,104117,7.75,25.01.1995,The Usual Suspects,23341568,51441568
25000000,USA,Thriller,236,183867,7.68,23.05.2003,Mystic River,90135191,156595191
15000000,USA,Drama,235,519454,7.63,08.09.1999,American Beauty,130096601,356296601
7000000,USA,Drama,234,87938,7.78,07.04.2017,Gifted,24801212,43069254
1500000,USA,Comedy rom.,233,62401,7.85,27.08.1953,Roman Holiday,5000000,12000000
,Poland,Drama,232,30895,8.11,26.08.1959,Pociąg,,
,Ukraine,Drama,231,100247,7.76,29.09.2005,9 rota,26146165,26146165
140000000,USA,Historical drama,230,277826,7.66,22.11.2003,The Last Samurai,111127263,454627263
20000000,USA,Drama,229,123460,7.73,15.11.2017,Wonder,132422809,315025930
25000000,France,Sensational,228,354150,7.65,16.02.2008,Taken,145000989,226837760
165000000,USA,Animation,227,163306,7.7,23.10.2014,Big Hero 6,222527828,657869686
,Poland,Vice,226,54275,7.9,21.02.1975,Ziemia obiecana,,
,Turkey,Drama,225,23902,8.27,10.10.2019,7. Koğuştaki Mucize,17163660,17163660
110000000,USA,Sensational,224,180143,7.69,25.07.2007,The Bourne Ultimatum,227471070,444100035
7000000,USA,Crime,223,139149,7.72,08.09.2012,End of Watch,41003371,55078146
,Poland,Sensational,222,211135,7.68,31.12.1992,Psy,,
2540800,USA,Comedy,221,53113,7.91,27.03.1952,Singin' in the Rain,1884537,1985921
,USA,Drama,220,82730,7.81,24.11.1993,A Perfect World,31130999,135130999
1800000,United Kingdom,Satire,219,44830,7.97,29.01.1964,Dr. Strangelove or: How I Learned to Stop Worrying and Love the Bomb,9440272,9523464
38000000,USA,Drama,218,94730,7.78,,Empire of the Sun,,22238696
1300000,Poland,Vice,216,198984,7.7,29.08.2019,Boże Ciało,127240,9943901
,Poland,Crime comedy,217,156751,7.72,października 1981,Vabank,,
12000000,USA,Sci-Fi,214,139215,7.74,,2001: A Space Odyssey,60481243,65889846
,Australia,Animation,213,52658,7.93,15.01.2009,Mary and Max,1740429,1740429
60000000,USA,Drama,212,309031,7.67,09.11.1994,Interview with the Vampire: The Vampire Chronicles,105264608,223664608
,Poland,Drama,211,43513,7.99,10.01.1987,Przypadek,,
29000000,USA,Biographical,208,156674,7.73,17.11.2009,The Blind Side,255982860,309231694
,Sweden,Drama,210,31117,8.14,,Persona,,
145000000,USA,Animation,215,172431,7.71,16.05.2014,How to Train Your Dragon 2,177002924,621537519
6000000,USA,Crime,209,70955,7.85,19.06.1974,Chinatown,29200000,29225935
,Japan,Action,207,69271,7.86,18.11.1995,Kōkaku Kidōtai,,
,Hong Kong,Biographical,206,72832,7.85,12.12.2008,Yip Man,22108789,22108789
70000000,USA,Animation,205,165074,7.73,05.06.1998,Mulan,120620254,304320254
13000000,USA,Drama,204,365781,7.68,01.09.2010,Black Swan,106954678,329398046
1000000,USA,Psychological,202,60976,7.9,04.08.1954,Rear Window,36764313,37034579
55000000,USA,Biographical,201,216783,7.71,27.09.2013,Captain Phillips,107100855,218791811
6000000,USA,Drama,200,208800,7.71,19.01.2001,Donnie Darko,1478493,7012321
130000000,USA,Family,203,415390,7.67,23.05.2004,Harry Potter and the Prisoner of Azkaban,250105651,797660766
28000000,USA,Thriller,198,209621,7.72,25.06.1982,Blade Runner,32914489,41722424
38000000,USA,Drama,197,108181,7.79,07.02.2003,The Life of David Gale,19955598,38955598
30000000,USA,Biographical,196,106561,7.8,13.01.2005,Coach Carter,67264877,76669806
48000000,USA,Adventurous,195,249790,7.71,24.05.1989,Indiana Jones and the Last Crusade,197171806,474171806
,Dishes,Animation,194,37545,8.08,06.09.2014,Song of the Sea,857522,4253152
90000000,USA,Crime,199,324298,7.69,12.12.2011,The Girl with the Dragon Tattoo,102515793,232617430
,Poland,Drama,193,151404,7.76,19.11.1999,Dług,,
22000000,USA,Western,192,116207,7.79,19.10.1990,Dances with Wolves,184208848,424208848
22000000,USA,Moral drama,191,87960,7.84,03.12.2001,I Am Sam,40311852,97818139
17000000,France,Crime,190,174692,7.75,28.05.1985,Der Name der Rose,7153487,77153487
5000000,USA,Western,189,49411,7.99,20.12.1968,C'era una volta il West,5321508,5435024
150000000,USA,Fantasy,187,509092,7.69,,The Curious Case of Benjamin Button,127509326,335802786
40000000,USA,Drama,186,169585,7.75,07.09.2019,Knives Out,165363234,312897920
2500000,USA,Melodrama,185,156767,7.76,05.10.1961,Breakfast at Tiffany's,9551904,9794702
180000000,USA,Fantasy,188,177661,7.75,10.10.2017,Thor: Ragnarok,315058289,853983879
35000000,USA,Biographical,184,138042,7.78,24.02.1997,Donnie Brasco,41909762,124909762
13000000,Ireland,Biographical,181,51608,7.98,12.12.1993,In the Name of the Father,25096862,65796862
,Japan,Fantasy,180,28652,8.24,26.08.2016,Kimi no Na wa.,5017246,382238181
300000000,USA,Fantasy,183,391571,7.7,19.05.2007,Pirates of the Caribbean: At World's End,309420425,960996492
18000000,USA,Adventurous,182,274694,7.72,12.06.1981,Raiders of the Lost Ark,248159971,389925971
960000,USA,Drama,179,198908,7.75,20.11.1976,Rocky,117235147,117250402
25000000,USA,Drama,177,97489,7.84,09.09.2011,Warrior,13657115,23308615
175000000,USA,Animation,178,225993,7.74,18.05.2015,Inside Out,356921711,858848019
3000000,USA,Moral drama,176,82690,7.87,20.12.1967,The Graduate,104945305,105015008
,Poland,Drama,174,158857,7.78,23.09.2016,Wołyń,6960645,6960645
20000000,USA,Drama,172,404111,7.72,06.12.1990,Edward Scissorhands,56362352,86024005
22000000,USA,Drama,173,72989,7.9,14.09.1993,A Bronx Tale,,17287898
,Poland,Drama,171,75491,7.9,11.03.1988,Krótki film o zabijaniu,,
250000000,USA,Action,175,310316,7.72,16.07.2012,The Dark Knight Rises,448149584,1081169825
55000000,USA,Moral drama,170,189429,7.77,20.05.2008,Changeling,35739802,113398237
,Poland,Drama,169,250193,7.75,17.09.2003,Symetria,,
,Poland,Documentary,168,44780,8.06,sierpnia 1980,Gadające głowy,,
100000000,USA,Animation,165,30292,8.24,31.05.2023,Spider-Man: Across the Spider-Verse,381311319,689935201
4000000,Lebanon,Drama,166,31365,8.22,17.01.2018,Cafarnaúm,1661096,64417003
,Poland,Drama,164,139116,7.81,09.06.2011,Róża,2339514,2339514
,,Documentary,163,25062,8.36,28.09.2020,David Attenborough: A Life On Our Planet,,
5500000,Poland,Animation,162,83396,7.89,12.06.2017,Loving Vincent,6735118,42187665
100000000,USA,Biographical,160,460118,7.73,09.12.2013,The Wolf of Wall Street,116900694,406878233
90000000,USA,Crime,167,447673,7.72,14.12.2009,Sherlock Holmes,209028679,524028679
950000,USA,Crime,161,94361,7.87,,Casablanca,4219709,4571400
,Poland,Comedy,158,455181,7.73,17.11.1997,Kiler,,
4000000,USA,Documentary,157,36282,8.16,11.09.2011,Samsara,2672413,4426444
,Canada,Sensational,156,167033,7.8,04.08.1999,The Boondock Saints,,
24500000,United Kingdom,Drama,155,60149,7.98,16.05.1986,The Mission,17218023,17502499
16500000,USA,Fantasy,154,290904,7.76,27.04.2006,The Illusionist,39868642,87892388
3800000,Dishes,Moral drama,153,121209,7.85,20.05.2012,Jagten,613308,15886373
11000000,USA,Drama,152,301880,7.76,01.10.1993,What's Eating Gilbert Grape,,10032765
125000000,USA,Family,159,354858,7.74,07.07.2011,Harry Potter and the Deathly Hallows: Part 2,381447587,1342359942
100000000,USA,Biographical,151,201943,7.79,19.10.2007,American Gangster,130164645,269755430
25000000,USA,Drama,150,268667,7.77,06.02.2014,The Grand Budapest Hotel,59301324,173082189
5000000,USA,Biographical,149,180923,7.8,07.09.2013,Dallas Buyers Club,27298285,55198285
38000000,USA,Biographical,148,158057,7.82,02.09.2013,Rush,26947624,96983009
30000000,USA,Drama,146,274899,7.78,05.12.2004,Million Dollar Baby,100492203,216763646
225000000,USA,Fantasy,147,424176,7.76,24.06.2006,Pirates of the Caribbean: Dead Man's Chest,423315812,1066179747
15000000,United Kingdom,Biographical,145,324747,7.77,06.09.2010,The King's Speech,138797449,484068861
140000000,USA,Fantasy,144,731068,7.74,28.06.2003,Pirates of the Caribbean: The Curse of the Black Pearl,305413918,654264015
53000000,USA,Biographical,143,224871,7.79,29.03.2001,Blow,52990775,83282296
14400000,USA,Western,142,90499,7.91,03.08.1992,Unforgiven,101167799,159167799
32000000,USA,Melodrama,141,204830,7.8,10.12.2008,The Reader,34194407,108902486
,Estonia,Drama,140,48275,8.07,16.10.2013,Mandariinid,144501,1024132
61000000,USA,Thriller,139,325828,7.78,26.09.2014,Gone Girl,167767189,369330363
13000000,USA,Thriller,137,507512,7.76,17.01.2004,The Butterfly Effect,57938693,96822421
3500000,United Kingdom,Drama,138,232656,7.8,23.02.1996,Trainspotting,16491080,71991080
,Japan,Drama,136,51194,8.06,,Hotaru no Haka,,
97600000,USA,Biographical,134,79755,7.94,30.08.2019,Ford v Ferrari,117624357,225508210
,Poland,Animation,135,171731,7.83,24.03.2002,Katedra,,
92000000,USA,Drama,133,313454,7.78,18.12.2001,Black Hawk Down,108638745,172989651
,Poland,Comedy,132,339629,7.78,04.05.1981,Miś,,
,Poland,Comedy,130,657772,7.76,14.05.1984,Seksmisja,,
,Poland,Political,131,55078,8.05,13.12.1989,Przesłuchanie,,
1400000,United Kingdom,Crime comedy,129,110376,7.89,23.08.1998,"Lock, Stock and Two Smoking Barrels",3753929,28356188
750000,Spain,Western,128,53019,8.06,18.12.1965,Per qualche dollaro in più,,15000000
3977000,USA,Costume,127,107765,7.9,,Gone with the Wind,200882193,402382193
6800000,Canada,Drama,126,52424,8.08,03.09.2010,Incendies,2071334,6788659
12000000,United Kingdom,Drama,124,52595,8.08,22.05.1982,Pink Floyd: The Wall,22244207,22265763
,Poland,Documentary,125,81810,7.96,11.05.2019,Tylko nie mów nikomu,,
13000000,Ireland,Drama,123,191240,7.84,04.09.2015,Room,14677654,35401758
2883848,USA,Comedy,122,102442,7.92,,Some Like It Hot,,25038874
170000000,USA,Action,121,94767,7.94,18.05.2022,Top Gun: Maverick,718732821,1493491858
,Poland,Drama,120,620695,7.78,07.06.2002,Dzień świra,1277521,1277521
9000000,United Kingdom,Comedy,119,129916,7.89,31.03.1983,The Meaning of Life,14929552,14949697
16400000,USA,Drama,118,312997,7.81,02.06.1989,Dead Poets Society,95860116,235860116
30000000,USA,Drama,117,144058,7.88,01.04.1996,Primal Fear,56116183,102616183
50000000,USA,Thriller,115,225719,7.84,03.09.1997,The Game,48323648,109423648
1300000,USA,Drama,114,235769,7.84,08.02.1976,Taxi Driver,28262574,28570902
50000000,USA,Thriller,116,213971,7.84,23.09.2009,Law Abiding Citizen,73357727,127944208
19000000,United Kingdom,Horror,113,422262,7.81,23.05.1980,The Shining,45634352,47234635
,Poland,Comedy,112,430612,7.81,25.02.2000,Chłopaki nie płaczą,,
9000000,USA,Drama,111,66306,8.04,21.10.1971,Fiddler on the Roof,10404330,10405457
,Poland,A comedy of manners.,110,262826,7.84,15.09.1967,Sami swoi,,
70000000,USA,Drama,109,190992,7.87,18.04.2004,Man on Fire,77911774,130834852
44000000,USA,Drama,108,158388,7.89,28.08.1996,Sleepers,53315285,165615285
40000000,USA,Thriller,107,628791,7.81,02.08.1999,The Sixth Sense,293506292,672806432
60000000,USA,Animation,106,831839,7.81,22.04.2001,Shrek,268163011,488351320
15000000,USA,Biographical,103,264554,7.86,01.09.2007,Into the Wild,18354356,56675895
40000000,USA,Biographical,105,247809,7.87,08.12.1999,"Girl, Interrupted",28912646,48350205
26000000,USA,Drama,102,288541,7.86,14.12.1993,Philadelphia,77446440,206678440
30000000,USA,Gangster,104,97956,7.98,10.11.1993,Carlito's Way,36948322,63848322
11000000,United Kingdom,Horror,101,289127,7.86,,Alien,81900459,106285522
24000000,Japan,Fantasy,100,111486,7.96,05.09.2004,Hauru no ugoku shiro,6789268,237536126
4000000,United Kingdom,Comedy,99,184876,7.9,17.08.1979,Life of Brian,20206622,20745728
,Poland,Comedy,98,277842,7.87,02.04.1970,Jak rozpętałem drugą wojnę światową,,
,Japan,Fantasy,97,87183,8.01,12.07.1997,Mononoke-hime,4845631,170005875
,Poland,Animation,96,53311,8.14,08.09.2023,Chłopi,9612537,9612537
4500000,USA,Drama,95,677858,7.83,14.05.2000,Requiem for a Dream,3635482,7390108
18000000,Italy,Drama,94,151365,7.93,01.01.2013,La migliore offerta,100035,20919703
165000000,USA,Animation,93,304897,7.87,18.03.2010,How to Train Your Dragon,217581231,494879471
6000000,United Kingdom,Drama,92,54592,8.14,27.01.2020,The Father,2122771,24425557
,Japan,Drama,91,73701,8.06,26.04.1954,Shichinin no samurai,,
46000000,USA,Thriller,89,256414,7.89,30.08.2013,Prisoners,61002302,122126687
52000000,USA,Biographical,90,225120,7.89,23.10.2018,Bohemian Rhapsody,216668042,910809311
68000000,Ireland,Drama,88,231095,7.9,07.02.2001,Enemy at the Gates,51401758,96976270
52000000,USA,Crime comedy,87,339352,7.87,16.12.2002,Catch Me If You Can,164615351,352114312
5500000,France,Drama,86,107836,7.99,17.03.2004,Les choristes,3635164,88385944
,Spain,Animation,85,59071,8.13,08.11.2019,Klaus,,
2200000,United Kingdom,Drama,84,217774,7.91,,A Clockwork Orange,26617553,26960374
5500000,USA,Crime comedy,83,76527,8.06,25.12.1973,The Sting,,156000000
,Poland,Biographical,82,102526,8.01,21.09.2017,Najlepszy,4241561,4241561
4500000,Spain,Crime,81,143698,7.97,23.09.2016,Contratiempo,31191910,31191910
150000000,USA,Animation,79,266948,7.92,10.02.2016,Zootopia,341268248,1025521689
100000000,USA,Biographical,78,101436,8.03,19.07.2023,Oppenheimer,326974650,952908650
5000000,France,Drama,77,74016,8.1,17.11.1988,Nuovo cinema Paradiso,12397210,13019063
54000000,USA,Drama,75,181880,7.95,20.12.1990,The Godfather: Part III,66761392,136861392
90000000,USA,Animation,80,89799,8.05,07.12.2018,Spider-Man: Into the Spider-Verse,190241310,384256930
,USA,Drama,74,222269,7.94,04.09.2017,"Three Billboards Outside Ebbing, Missouri",54513740,160260573
11000000,USA,Adventurous,76,327508,7.91,,Star Wars,460998507,775398007
30000000,USA,Drama,73,164215,7.97,17.06.1987,Full Metal Jacket,,46357676
1200000,USA,Thriller,72,221671,7.94,21.01.1992,Reservoir Dogs,2832029,2913644
400000,United Kingdom,Comedy,71,169616,7.97,14.03.1975,Monty Python and the Holy Grail,2562392,2675602
57000000,USA,Thriller,70,439153,7.91,13.10.1997,The Devil's Advocate,60944660,152944660
25000000,USA,Drama,69,167294,7.99,12.12.1988,Rain Man,172825435,354825435
10000000,United Kingdom,Crime comedy,68,256882,7.96,23.08.2000,Snatch,30328156,83557872
3300000,Brazil,Drama,67,171358,8.01,18.05.2002,Cidade de Deus,7564459,30680793
165000000,USA,Sci-Fi,66,388508,7.95,26.10.2014,Interstellar,188020017,773837686
55000000,USA,Drama,64,484967,7.95,19.12.2008,Seven Pounds,69951824,169748929
15000000,USA,Drama,63,129768,8.07,08.12.1978,The Deer Hunter,48979328,49074243
16000000,USA,Drama,62,185772,8.03,13.06.2009,Hachi: A Dog's Tale,46749646,46749646
806947,USA,Thriller,61,144697,8.06,16.06.1960,Psycho,32000000,32052925
29000000,USA,Moral drama,60,127491,8.08,12.12.1990,Awakenings,,52096475
356000000,USA,Action,65,167689,8.02,10.04.2019,Avengers: Endgame,858373000,2799439100
90000000,USA,Crime,58,341778,8.02,26.09.2006,The Departed,132399394,291480452
29000000,USA,Melodrama,56,374849,8.02,20.05.2004,The Notebook,81417274,118230644
,Poland,Biographical,59,350403,8.0,18.09.2014,Bogowie,11960658,11960658
19000000,Japan,Fantasy,57,143014,8.1,20.07.2001,Sen to Chihiro no Kamikakushi,13750644,355822319
6000000,USA,Drama,54,130770,8.13,19.12.1986,Platoon,138530565,138545632
18000000,USA,Biographical,53,122588,8.14,,Amadeus,51973029,52066791
11400000,South Korea,Drama,52,173115,8.1,21.05.2019,Gi-saeng-chung,53369749,262676096
70000000,USA,War,55,587603,8.01,20.05.2009,Inglourious Basterds,120540719,321457747
55000000,USA,Biographical,51,269046,8.06,15.12.2006,The Pursuit of Happyness,163566459,307127625
93000000,New Zealand,Fantasy,49,724585,8.02,10.12.2001,The Lord of the Rings: The Fellowship of the Ring,316115420,898204420
52000000,USA,Drama,47,161444,8.12,03.04.1995,Casino,42512375,116112375
30000000,USA,Drama,45,113872,8.18,17.02.1984,Once Upon a Time in America,5321508,5473337
25000000,USA,Drama,46,280580,8.07,09.08.2011,The Help,169708112,216639112
185000000,USA,Action,48,518369,8.03,14.07.2008,The Dark Knight,534987076,1006234167
60000000,USA,Sensational,50,167588,8.11,06.12.1995,Heat,67436818,187436818
1200000,Italy,Western,43,105865,8.21,23.12.1966,"Il buono, il brutto, il cattivo.",25100000,25253887
32500000,USA,Adventurous,44,296095,8.08,,Star Wars: Episode VI - Return of the Jedi,309306177,475106177
40000000,USA,Drama,40,396589,8.08,17.10.2006,The Prestige,53089891,109676311
31000000,USA,Drama,39,364319,8.09,23.12.1992,Scent of a Woman,63095253,134095253
31500000,USA,Drama,38,184939,8.15,10.05.1979,Apocalypse Now,96042913,104729466
40000000,USA,Biographical,37,231266,8.14,04.09.2016,Hacksaw Ridge,67209615,180563636
12500000,USA,Drama,36,407297,8.11,12.09.2008,The Boy in the Striped Pyjamas,9046156,40416563
18000000,USA,Adventurous,41,303719,8.09,,Star Wars: Episode V - The Empire Strikes Back,292753960,538375067
,USA,Action,42,200452,8.12,23.04.2018,Avengers: Infinity War,678815482,2052415039
10000000,USA,Moral drama,35,291915,8.13,02.12.1997,Good Will Hunting,138433435,225933435
3300000,USA,Musical,34,307168,8.13,16.01.2014,Whiplash,13092000,49396747
72000000,USA,Historical drama,33,401025,8.12,,Braveheart,75609945,213216216
70000000,USA,Drama,32,650351,8.1,21.07.1998,Saving Private Ryan,217049603,482349603
103000000,USA,Historical drama,31,768739,8.12,01.05.2000,Gladiator,187705427,503162313
23000000,USA,Drama,30,221952,8.2,11.09.2018,Green Book,85080171,321752656
20000000,USA,Drama,29,304337,8.19,01.07.1998,American History X,6719864,23875127
16000000,France,Drama,28,837283,8.15,14.09.1994,Léon,19501238,19569225
8000000,USA,Gangster,11,670641,8.35,,Pulp Fiction,107928762,213928762
22000000,USA,Drama,10,367627,8.39,,Schindler's List,96898818,322161245
13000000,USA,Drama,8,282436,8.46,12.12.1974,The Godfather: Part II,47834595,193000000
3000000,USA,Drama,7,402645,8.49,listopada 1975,One Flew Over the Cuckoo's Nest,108981275,109114817
6000000,USA,Drama,4,545059,8.64,14.03.1972,The Godfather,136381073,250341816
55000000,USA,Drama,6,990527,8.55,23.06.1994,Forrest Gump,330455270,678226465
,USA,Court drama,5,227650,8.68,10.04.1957,12 Angry Men,,
94000000,New Zealand,Adventurous,9,525475,8.39,01.12.2003,The Lord of the Rings: The Return of the King,379427292,1147633833
60000000,USA,Drama,3,996583,8.63,06.12.1999,The Green Mile,136801374,286801374
25000000,USA,Drama,1,917807,8.79,10.09.1994,The Shawshank Redemption,28767189,28884504
10800000,France,Biographical,2,675854,8.64,23.09.2011,Intouchables,10198820,426588510
